<?xml version="1.0" encoding="UTF-8" ?>
<xml>
<xsd:schema xmlns:xsd="http://www.w3.org/2001/XMLSchema" xmlns:sql="http://www.radiantlogic.com/schemas" >
<xsd:annotation>
<xsd:documentation xml:lang="en">
This schema is generated by RadiantLogic XML tool.
</xsd:documentation>
</xsd:annotation>
<xsd:element name="wrap" type="wrapType" />
<xsd:complexType name="wrapType">
<xsd:sequence>
<xsd:element name="record" type="recordType" minOccurs="0" maxOccurs="unbounded" />
</xsd:sequence>
</xsd:complexType>
<xsd:complexType name="recordType">
<xsd:sequence>
<xsd:element name="datasource" sql:field="data source" type="xsd:string" />
<xsd:element name="messageformat" type="xsd:string" />
<xsd:element name="topicname" type="xsd:string" />
<xsd:element name="active" type="xsd:string" />
<xsd:element name="errorCode" type="xsd:string" />
<xsd:element name="label" type="xsd:string" />
<xsd:element name="data_source" type="xsd:string" />
<xsd:element name="classname" type="xsd:string" />
<xsd:element name="pubsubtype" type="xsd:string" />
<xsd:element name="id" type="xsd:string" />
<xsd:element name="producer.properties.file" type="xsd:string" />
<xsd:element name="errorcode" type="xsd:string" />
<xsd:element name="status" type="xsd:string" />
</xsd:sequence>
<xsd:attribute name="recordID" type="xsd:string" />
</xsd:complexType>
</xsd:schema>
<wrap>
<record recordID="1">
<active>true</active>
<classname>KafkaApplyChangeEvent.java</classname>
<datasource>XML</datasource>
<data_source>XML</data_source>
<errorCode>0</errorCode>
<errorcode>0</errorcode>
<id>kafka_template</id>
<label>kafka_template</label>
<messageformat>GoldenGateJSONConvertor</messageformat>
<producer.properties.file>$RLI_HOME/vds_server/custom/producer.properties</producer.properties.file>
<pubsubtype>kafka</pubsubtype>
<status>OK</status>
<topicname>MyFavoriteTopic</topicname>
</record>
</wrap>
</xml>