<?xml version="1.0" encoding="UTF-8" ?>
<xml>
<xsd:schema xmlns:xsd="http://www.w3.org/2001/XMLSchema" xmlns:sql="http://www.radiantlogic.com/schemas" >
<xsd:annotation>
<xsd:documentation xml:lang="en">
This schema is generated by RadiantLogic XML tool.
</xsd:documentation>
</xsd:annotation>
<xsd:element name="wrap" type="wrapType" />
<xsd:complexType name="wrapType">
<xsd:sequence>
<xsd:element name="record" type="recordType" minOccurs="0" maxOccurs="unbounded" />
</xsd:sequence>
</xsd:complexType>
<xsd:complexType name="recordType">
<xsd:sequence>
<xsd:element name="DBMSName" sql:field="DBMS Name" type="xsd:string" />
<xsd:element name="active" type="xsd:string" />
<xsd:element name="errorCode" type="xsd:string" />
<xsd:element name="label" type="xsd:string" />
<xsd:element name="alternatedatasource" type="xsd:string" />
<xsd:element name="data_source" type="xsd:string" />
<xsd:element name="url" type="xsd:string" />
<xsd:element name="password" type="xsd:string" />
<xsd:element name="id" type="xsd:string" />
<xsd:element name="driver-class-name" type="xsd:string" />
<xsd:element name="username" type="xsd:string" />
<xsd:element name="backendstatus" type="xsd:string" />
<xsd:element name="status" type="xsd:string" />
</xsd:sequence>
<xsd:attribute name="recordID" type="xsd:string" />
</xsd:complexType>
</xsd:schema>
<wrap>
<record recordID="1">
<DBMSName>{AES}rlxM2xI8liejFYyJ4wBoLCmz4GkocvujUPcY2vmxAJ6R5IoOQhT/vl|1Yfo1dl3k/+EkbRRT/</DBMSName>
<active>true</active>
<alternatedatasource></alternatedatasource>
<backendstatus>on</backendstatus>
<data_source>JDBC</data_source>
<driver-class-name>{AES}9SVQdKDeqvjItfz+mIZW0X327ps6YBTAHW//o978EQKAbgR9Z2YpH7Z8UAsi+xFTuzhakX/7Qz9ETg8JBj2byCccuBIFgUFPHHqz|RNc3GSVj15ASVf8=</driver-class-name>
<errorCode>0</errorCode>
<id>log2db</id>
<label>log2db</label>
<password>{AES}TzhLmXwwdRIj+uFmoKdicROVxZpi8JSk8dEGm|cyPzBgjYrrT8pQcVWq8giqh3m2LyumM8Xj/</password>
<status>OK</status>
<url>{AES}QWongz4zqGNZzzKeOyFn6wVcDsQAucTFp7G6rPQCDyh6CKfYeYWmoDN4kH5SjV4v96WsZIImGs8aFur9E/f2sOlohg1c3R7+EAS09O8N3WUOq8|beuFkvGbgR4yvn9UdHrJhZxuYmf98qJTTdXAhvlS6LhMkq/w==</url>
<username>{AES}91IZFsbsXhME/LsXPc|WS8AGGMwfJzDj1P6J53Kj1qTu8c46ZN6tAcKRaIDAy2hfcSHwB0W3/</username>
</record>
</wrap>
</xml>