<?xml version="1.0" encoding="UTF-8" ?>
<xml>
<xsd:schema xmlns:xsd="http://www.w3.org/2001/XMLSchema" xmlns:sql="http://www.radiantlogic.com/schemas" >
<xsd:annotation>
<xsd:documentation xml:lang="en">
This schema is generated by RadiantLogic XML tool.
</xsd:documentation>
</xsd:annotation>
<xsd:element name="wrap" type="wrapType" />
<xsd:complexType name="wrapType">
<xsd:sequence>
<xsd:element name="record" type="recordType" minOccurs="0" maxOccurs="unbounded" />
</xsd:sequence>
</xsd:complexType>
<xsd:complexType name="recordType">
<xsd:sequence>
<xsd:element name="datasource" sql:field="data source" type="xsd:string" />
<xsd:element name="active" type="xsd:string" />
<xsd:element name="errorCode" type="xsd:string" />
<xsd:element name="label" type="xsd:string" />
<xsd:element name="data_source" type="xsd:string" />
<xsd:element name="timeout" type="xsd:string" />
<xsd:element name="url" type="xsd:string" />
<xsd:element name="apitoken" type="xsd:string" />
<xsd:element name="password" type="xsd:string" />
<xsd:element name="classname" type="xsd:string" />
<xsd:element name="maxretries" type="xsd:string" />
<xsd:element name="id" type="xsd:string" />
<xsd:element name="errorcode" type="xsd:string" />
<xsd:element name="status" type="xsd:string" />
<xsd:element name="username" type="xsd:string" />
</xsd:sequence>
<xsd:attribute name="recordID" type="xsd:string" />
</xsd:complexType>
</xsd:schema>
<wrap>
<record recordID="1">
<active>false</active>
<apitoken>your_api_token</apitoken>
<classname>com.rli.scripts.customobjects.oktaclient</classname>
<datasource>XML</datasource>
<data_source>XML</data_source>
<errorCode>0</errorCode>
<errorcode>0</errorcode>
<id>oktaclient</id>
<label>oktaclient</label>
<maxretries>2</maxretries>
<password>{AES}droQzm7bOLVUDCfvH5bguqXkhs8ou58|oLsS4qfSxDhLJ6KrCcKaDj4oaZCcKYDPcRzwQl07/</password>
<status>OK</status>
<timeout>120</timeout>
<url>https://your_org.okta.com</url>
<username>[username]</username>
</record>
</wrap>
</xml>