<?xml version="1.0" encoding="UTF-8" ?>
<xml>
<xsd:schema xmlns:xsd="http://www.w3.org/2001/XMLSchema" xmlns:sql="http://www.radiantlogic.com/schemas" >
<xsd:annotation>
<xsd:documentation xml:lang="en">
This schema is generated by RadiantLogic XML tool.
</xsd:documentation>
</xsd:annotation>
<xsd:element name="wrap" type="wrapType" />
<xsd:complexType name="wrapType">
<xsd:sequence>
<xsd:element name="record" type="recordType" minOccurs="0" maxOccurs="unbounded" />
</xsd:sequence>
</xsd:complexType>
<xsd:complexType name="recordType">
<xsd:sequence>
<xsd:element name="binddn" type="xsd:string" />
<xsd:element name="bindpw" type="xsd:string" />
<xsd:element name="DBMSName" sql:field="DBMS Name" type="xsd:string" />
<xsd:element name="ldapurl" type="xsd:string" />
<xsd:element name="active" type="xsd:string" />
<xsd:element name="errorCode" type="xsd:string" />
<xsd:element name="failoverurl" type="xsd:string" />
<xsd:element name="id" type="xsd:string" />
<xsd:element name="label" type="xsd:string" />
<xsd:element name="ssl" type="xsd:string" />
<xsd:element name="data_source" type="xsd:string" />
<xsd:element name="status" type="xsd:string" />
</xsd:sequence>
<xsd:attribute name="recordID" type="xsd:string" />
</xsd:complexType>
</xsd:schema>
<wrap>
<record recordID="1">
<DBMSName>{AES}93qVizSSNTbK2mW2WYo9GwZx+Bslp2UFvwLIwV30kIuog79R+FyHozALWx0W1SACO|K/ZBWL/</DBMSName>
<active>true</active>
<binddn>{AES}v7H/6WzEXriYw+qwBvbfZZyTKSJFIrp7t/waUIk7Ey|Q60n7bVWdfoLwW7TLwCBqHj+CkubgVvTKdh0Qdu6l/zQaXmJEr/w==</binddn>
<bindpw>{AES}XL3pdPz3Kbqpz5edc6Q0OLjJcJ9nEeOTU|XT38BihytELyPP/jpf9HyPzybSqH/xJXmQhtCT/</bindpw>
<data_source>LDAP</data_source>
<errorCode>0</errorCode>
<failoverurl>{AES}oXReQPry7s7+laexevADnZvfeD6umwmVm7areDpH8uQQ+jlxhXsPdRwJcCUF4|avK6r2NMHDxK2lbLIqKboMjfaBztxaGm0Y8OKPuvMSrPffxJUTaoMM8yOrgZzw301hBkC+BmYJrPi0H3z2KMhriPtNZdfHnwowNVkPfu6XiONW3gfRwFqSKDxah9opsCo6rwE/WBQKuDfNePuBn09kYgP8I7eVh/w==</failoverurl>
<id>replicationjournal</id>
<label>replicationjournal</label>
<ldapurl>{AES}cyZxEjx4Gp6eX0lOAmv6tuCgoGhzmrYkKoZwKBHLRH6pHa|1wtJ4OAY2PWftK5ecZOmHHEbXSQtEYcWu77djUwhkQbmXq89MCToUyU6fk3SVSUgscd2rgEh6KteoyJ4B0bV7P2nD/</ldapurl>
<ssl>false</ssl>
<status>OK</status>
</record>
</wrap>
</xml>