<?xml version="1.0" encoding="UTF-8" ?>
<xml>
<xsd:schema xmlns:xsd="http://www.w3.org/2001/XMLSchema" xmlns:sql="http://www.radiantlogic.com/schemas" >
<xsd:annotation>
<xsd:documentation xml:lang="en">
This schema is generated by RadiantLogic XML tool.
</xsd:documentation>
</xsd:annotation>
<xsd:element name="wrap" type="wrapType" />
<xsd:complexType name="wrapType">
<xsd:sequence>
<xsd:element name="record" type="recordType" minOccurs="0" maxOccurs="unbounded" />
</xsd:sequence>
</xsd:complexType>
<xsd:complexType name="recordType">
<xsd:sequence>
<xsd:element name="binddn" type="xsd:string" />
<xsd:element name="bindpw" type="xsd:string" />
<xsd:element name="DBMSName" sql:field="DBMS Name" type="xsd:string" />
<xsd:element name="ldapurl" type="xsd:string" />
<xsd:element name="active" type="xsd:string" />
<xsd:element name="errorCode" type="xsd:string" />
<xsd:element name="failoverurl" type="xsd:string" />
<xsd:element name="id" type="xsd:string" />
<xsd:element name="label" type="xsd:string" />
<xsd:element name="ssl" type="xsd:string" />
<xsd:element name="data_source" type="xsd:string" />
<xsd:element name="status" type="xsd:string" />
</xsd:sequence>
<xsd:attribute name="recordID" type="xsd:string" />
</xsd:complexType>
</xsd:schema>
<wrap>
<record recordID="1">
<DBMSName>{AES}DcoK7kHCYoW1/fZYdUe/NMDI3MQo/5WzbBCAYLZbJ9+O|mQlbEMeKqg0C6cf8Hj7i55xyO2z/</DBMSName>
<active>true</active>
<binddn>{AES}/jhmA+k6e+zKhmni1MspEh|G01DED4eGfCDbsXuFDSZ/6ZiEibtA4jplXXvw89DBpTUqdJvCtAK47DgRd2tk/35gvltky/w==</binddn>
<bindpw>{AES}4S7Lhi++0edpn6hj0RbTqJMPcQVNJ/cgLTm+C|Hm/GhcITpG/LEgyVCgdyHWpHgqf1LiOowr/</bindpw>
<data_source>LDAP</data_source>
<errorCode>0</errorCode>
<failoverurl>{AES}iwvaj9dE+Vub6EZeVNuOjS2f2z5tDLDuf6PToGXDARgr4eUg29AzhujEs1SAMPYoXB8wvQpUkWVai/BliBTmlIp6UL4E2I0L3WU9+Cy1063qvvVpcGTetqaqOaEl/IbVJyOatYzK9zmd0zfxs6tXagXTeYFaC0K+BSXN|sQBsg+Yv35jLbVfLg5OJTEhWBIhqnwzuPHHqcZGAEQ+60T3eoqG9roA8/w==</failoverurl>
<id>vdsha</id>
<label>vdsha</label>
<ldapurl>{AES}DfeTxqLIM8c5u5H+RgVjNXnelwR|G68l8tzpzBhsTngO3omeF0j3Lkv/QcwcVbCpIdTMVnnnLzJUOvTS7Bo8FiFaYrQ8fH2axYMSM8flZg/cMiwKYdGZACIHSb6+BujNvK3RYEz//</ldapurl>
<ssl>false</ssl>
<status>OK</status>
</record>
</wrap>
</xml>