<?xml version="1.0" encoding="UTF-8" ?>
<xml>
<xsd:schema xmlns:xsd="http://www.w3.org/2001/XMLSchema" xmlns:sql="http://www.radiantlogic.com/schemas" >
<xsd:annotation>
<xsd:documentation xml:lang="en">
This schema is generated by RadiantLogic XML tool.
</xsd:documentation>
</xsd:annotation>
<xsd:element name="wrap" type="wrapType" />
<xsd:complexType name="wrapType">
<xsd:sequence>
<xsd:element name="record" type="recordType" minOccurs="0" maxOccurs="unbounded" />
</xsd:sequence>
</xsd:complexType>
<xsd:complexType name="recordType">
<xsd:sequence>
<xsd:element name="hostname" type="xsd:string" />
<xsd:element name="rootUser" type="xsd:string" />
<xsd:element name="port" type="xsd:string" />
<xsd:element name="name" type="xsd:string" />
<xsd:element name="description" type="xsd:string" />
<xsd:element name="http" type="xsd:string" />
<xsd:element name="label" type="xsd:string" />
<xsd:element name="https" type="xsd:string" />
<xsd:element name="directory" type="xsd:string" />
</xsd:sequence>
<xsd:attribute name="recordID" type="xsd:string" />
</xsd:complexType>
</xsd:schema>
<wrap>
<record recordID="1">
<description></description>
<directory>vds_server</directory>
<hostname>fid-0.fid-headless.fid.svc.cluster.local</hostname>
<http>7070</http>
<https>7171</https>
<label>Virtual Directory Server</label>
<name>vds_server</name>
<port>2389</port>
<rootUser>cn=Directory Manager</rootUser>
</record>
</wrap>
</xml>