<?xml version="1.0" encoding="UTF-8" ?>
<xml>
<xsd:schema xmlns:xsd="http://www.w3.org/2001/XMLSchema" xmlns:sql="http://www.radiantlogic.com/schemas" >
<xsd:annotation>
<xsd:documentation xml:lang="en">
This schema is generated by RadiantLogic XML tool.
</xsd:documentation>
</xsd:annotation>
<xsd:element name="wrap" type="wrapType" />
<xsd:complexType name="wrapType">
<xsd:sequence>
<xsd:element name="record" type="recordType" minOccurs="0" maxOccurs="unbounded" />
</xsd:sequence>
</xsd:complexType>
<xsd:complexType name="recordType">
<xsd:sequence>
<xsd:element name="DBMSName" sql:field="DBMS Name" type="xsd:string" />
<xsd:element name="active" type="xsd:string" />
<xsd:element name="errorCode" type="xsd:string" />
<xsd:element name="label" type="xsd:string" />
<xsd:element name="alternatedatasource" type="xsd:string" />
<xsd:element name="data_source" type="xsd:string" />
<xsd:element name="url" type="xsd:string" />
<xsd:element name="password" type="xsd:string" />
<xsd:element name="id" type="xsd:string" />
<xsd:element name="driver-class-name" type="xsd:string" />
<xsd:element name="username" type="xsd:string" />
<xsd:element name="backendstatus" type="xsd:string" />
<xsd:element name="status" type="xsd:string" />
</xsd:sequence>
<xsd:attribute name="recordID" type="xsd:string" />
</xsd:complexType>
</xsd:schema>
<wrap>
<record recordID="1">
<DBMSName>{AES}ZVnCoAi1n+zAj7i+yhqc1K9WR0BmTfnOD6JREUjSChDJvI|VZlXwZT0q6JLboilic0PHfEGT/</DBMSName>
<active>true</active>
<alternatedatasource></alternatedatasource>
<backendstatus>on</backendstatus>
<data_source>JDBC</data_source>
<driver-class-name>{AES}fKggpJkbUg/2j|1X2gQkIF/9Q+El5UupfPRCXNlwb+x4Svs57hxEgAo2HiD8bkJO+DtOsG2SUzNVK9REfRozWJedzrR4a0M09ZkI4i7IYUgpcIxIADP8=</driver-class-name>
<errorCode>0</errorCode>
<id>log2db</id>
<label>log2db</label>
<password>{AES}aTu+kIwn7yoCC68BU2zHtC932ufW4x9r/Slhemx8|Ah4B20MWZbnPt4FzUab/RuUUZFz4gTb/</password>
<status>OK</status>
<url>{AES}tvCOnIRI7ssOuT/lX4KD5bABgoxL/LvRTZoKPhDMxlR5Met7AdsDOv+AZKWLnE0ECNBbFgetJ3KLCphjY|yz3356IGJxFMLdBaTR44KT1gJAp7blIQ3vwLQ9kBDU5wVDveEOVoQRQqOKAQ7VASjMIZ3PvPwFQ/w==</url>
<username>{AES}yz6+nlz3wvfSZhhqAAXBCgzOfndL7x0XB6|r1Ai+G+MHW2ONs5lEkrjQFw8wQ9czWd2gmgRz/</username>
</record>
</wrap>
</xml>