<?xml version="1.0" encoding="UTF-8" ?>
<xml>
<xsd:schema xmlns:xsd="http://www.w3.org/2001/XMLSchema" xmlns:sql="http://www.radiantlogic.com/schemas" >
<xsd:annotation>
<xsd:documentation xml:lang="en">
This schema is generated by RadiantLogic XML tool.
</xsd:documentation>
</xsd:annotation>
<xsd:element name="wrap" type="wrapType" />
<xsd:complexType name="wrapType">
<xsd:sequence>
<xsd:element name="record" type="recordType" minOccurs="0" maxOccurs="unbounded" />
</xsd:sequence>
</xsd:complexType>
<xsd:complexType name="recordType">
<xsd:sequence>
<xsd:element name="binddn" type="xsd:string" />
<xsd:element name="bindpw" type="xsd:string" />
<xsd:element name="DBMSName" sql:field="DBMS Name" type="xsd:string" />
<xsd:element name="ldapurl" type="xsd:string" />
<xsd:element name="active" type="xsd:string" />
<xsd:element name="errorCode" type="xsd:string" />
<xsd:element name="id" type="xsd:string" />
<xsd:element name="label" type="xsd:string" />
<xsd:element name="ssl" type="xsd:string" />
<xsd:element name="data_source" type="xsd:string" />
<xsd:element name="status" type="xsd:string" />
</xsd:sequence>
<xsd:attribute name="recordID" type="xsd:string" />
</xsd:complexType>
</xsd:schema>
<wrap>
<record recordID="1">
<DBMSName>{AES}Yu|SapN9V2UeS7CAIGkxBW4I4KP7ai9Ql4110H6e+ZRjds2v3+uvTL5KFti1hp2xaGfxmlw//</DBMSName>
<active>true</active>
<binddn>{AES}RDyEy5LBBYAKZYjqDxMrO0iBLQLcNX9mjRY0pmvgUI+kKYD0x3soZ57e9Ne8YbEoNfagzUEg8av39bOTjOtWz/CidvdI|/w==</binddn>
<bindpw>{AES}sK445t+9eOV9sNgPU2BrIZYKhbb8rHE+ioq2sbREhFd+4N/GVvyFzeu4rKVI4zmv7uyh|hij/</bindpw>
<data_source>LDAP</data_source>
<errorCode>0</errorCode>
<id>replicationjournal</id>
<label>replicationjournal</label>
<ldapurl>{AES}l5OP0lieeSvrCoF47qO/W6TJoAZdaYBSCmJ3moJ4zUc8T63aatgUBmkBYGKy8syvAtF4aJ3Ts/R6jlIJorK72406R8zT4nHPC7Tev8njLmhG0If5WUF8/|uhXXtNZgvaelYzRMFP/</ldapurl>
<ssl>false</ssl>
<status>OK</status>
</record>
</wrap>
</xml>