<?xml version="1.0" encoding="UTF-8" ?>
<xml>
<xsd:schema xmlns:xsd="http://www.w3.org/2001/XMLSchema" xmlns:sql="http://www.radiantlogic.com/schemas" >
<xsd:annotation>
<xsd:documentation xml:lang="en">
This schema is generated by RadiantLogic XML tool.
</xsd:documentation>
</xsd:annotation>
<xsd:element name="wrap" type="wrapType" />
<xsd:complexType name="wrapType">
<xsd:sequence>
<xsd:element name="record" type="recordType" minOccurs="0" maxOccurs="unbounded" />
</xsd:sequence>
</xsd:complexType>
<xsd:complexType name="recordType">
<xsd:sequence>
<xsd:element name="binddn" type="xsd:string" />
<xsd:element name="bindpw" type="xsd:string" />
<xsd:element name="DBMSName" sql:field="DBMS Name" type="xsd:string" />
<xsd:element name="ldapurl" type="xsd:string" />
<xsd:element name="active" type="xsd:string" />
<xsd:element name="errorCode" type="xsd:string" />
<xsd:element name="id" type="xsd:string" />
<xsd:element name="label" type="xsd:string" />
<xsd:element name="ssl" type="xsd:string" />
<xsd:element name="data_source" type="xsd:string" />
<xsd:element name="status" type="xsd:string" />
</xsd:sequence>
<xsd:attribute name="recordID" type="xsd:string" />
</xsd:complexType>
</xsd:schema>
<wrap>
<record recordID="1">
<DBMSName>{AES}MeTjWWsMeyZ11qQSNHQu7D7|1NyLmk+VmJ9bpzvumCI+w2q+ZU2PZ+fWhzBy8zYYlUCInWk3/</DBMSName>
<active>true</active>
<binddn>{AES}FqGvxOJ49xvemWv2|CAx8KrnrGiBs8/9OUnylTOdYXj40W+iLhLZJcwhn3uUEiTK+UmzNheqSj5Qy8v9g62Bs4cz95dUK/w==</binddn>
<bindpw>{AES}qrdnk3SzvSZjI45d9Y0ZRv9s3zMVoreKA4yMQz15KXDdjugv|qKrdoqsEQk6QWO3YNrMOIBb/</bindpw>
<data_source>LDAP</data_source>
<errorCode>0</errorCode>
<id>vdsha</id>
<label>vdsha</label>
<ldapurl>{AES}ex9DbyYlFlpN1q3FIEJvldh8hvXraZ77aT/U1ka044A4tEV6TAQm/2i5XlFp|vDdwNdnLaw+f/p6gzLaYJEe4iXr87KOfQ2I6oSVj6h9HAJ8kZlRnpGFUxHx6usImRY5Lg6Qj9g3/</ldapurl>
<ssl>false</ssl>
<status>OK</status>
</record>
</wrap>
</xml>