{
  "schemas" : [ "urn:ietf:params:scim:schemas:core:2.0:Schema" ],
  "id" : "urn:ietf:params:scim:schemas:extension:custom:radiantlogic:dc_lg10:2.0:User",
  "name" : "Users_dc_lg10",
  "description" : "Custom schema auto-generated by migration",
  "meta" : {
    "lastModified" : "2023-12-05T23:11:42.573Z",
    "created" : "2023-12-05T23:11:42.573Z",
    "version" : "W/\"30d79b67\"",
    "resourceType" : "Schema"
  },
  "attributes" : [ {
    "name" : "externalId",
    "type" : "string",
    "multiValued" : true,
    "required" : false,
    "caseExact" : false,
    "mutability" : "readWrite",
    "returned" : "default",
    "uniqueness" : "none"
  }, {
    "name" : "description",
    "type" : "string",
    "multiValued" : true,
    "required" : false,
    "caseExact" : false,
    "mutability" : "readWrite",
    "returned" : "default",
    "uniqueness" : "none"
  } ]
}