{
  "schemas" : [ "urn:ietf:params:scim:schemas:core:2.0:Schema" ],
  "id" : "urn:ietf:params:scim:schemas:extension:custom:2.0:Group",
  "name" : "CustomGroup",
  "description" : "Custom Group",
  "meta" : {
    "lastModified" : "2023-12-05T23:11:42.470Z",
    "created" : "2023-12-05T23:11:42.470Z",
    "version" : "W/\"30d726ab\"",
    "resourceType" : "Schema"
  },
  "attributes" : [ {
    "name" : "sAMAccountName",
    "type" : "string",
    "multiValued" : false,
    "description" : "Account name",
    "required" : false,
    "caseExact" : false,
    "mutability" : "readWrite",
    "returned" : "default",
    "uniqueness" : "none"
  } ]
}