<?xml version="1.0" encoding="UTF-8" ?>
<xml>
<xsd:schema xmlns:xsd="http://www.w3.org/2001/XMLSchema" xmlns:sql="http://www.radiantlogic.com/schemas" >
<xsd:annotation>
<xsd:documentation xml:lang="en">
This schema is generated by RadiantLogic XML tool.
</xsd:documentation>
</xsd:annotation>
<xsd:element name="wrap" type="wrapType" />
<xsd:complexType name="wrapType">
<xsd:sequence>
<xsd:element name="record" type="recordType" minOccurs="0" maxOccurs="unbounded" />
</xsd:sequence>
</xsd:complexType>
<xsd:complexType name="recordType">
<xsd:sequence>
<xsd:element name="DBMSName" sql:field="DBMS Name" type="xsd:string" />
<xsd:element name="pageresultcontrol" type="xsd:string" />
<xsd:element name="active" type="xsd:string" />
<xsd:element name="errorCode" type="xsd:string" />
<xsd:element name="label" type="xsd:string" />
<xsd:element name="ssl" type="xsd:string" />
<xsd:element name="data_source" type="xsd:string" />
<xsd:element name="binddn" type="xsd:string" />
<xsd:element name="disablereferalchasing" type="xsd:string" />
<xsd:element name="bindpw" type="xsd:string" />
<xsd:element name="pagesize" type="xsd:string" />
<xsd:element name="ldapurl" type="xsd:string" />
<xsd:element name="id" type="xsd:string" />
<xsd:element name="basedn" type="xsd:string" />
<xsd:element name="backendstatus" type="xsd:string" />
<xsd:element name="status" type="xsd:string" />
</xsd:sequence>
<xsd:attribute name="recordID" type="xsd:string" />
</xsd:complexType>
</xsd:schema>
<wrap>
<record recordID="1">
<DBMSName>{AES}kYj4qtWZRDlgtQEB4q79TuFgHCzbKKgcoAUctmKe3S6fuBaTw72zk1F52zFDsaB0raauv|y//</DBMSName>
<active>true</active>
<backendstatus>on</backendstatus>
<basedn>{AES}4uR9GhS9XQ70cq8no+vahCNJ4RPWHHQAiBTLNOIgsLUTyKKBuFE1Yue7Wb/Z4GP0qOReOZoEGLar4kR44fKuJqJL|d6Jn/w==</basedn>
<binddn>{AES}ohVDR15bqYsQG/rGaPCeNNMITnksW+pB|TWXZevCA8lvMJag/i5FiNkRCLfZnAJRMqlfGCS02mgmyAi6PAMWUrF/KBcIn/w==</binddn>
<bindpw>{AES}e/KKpfAqqbe77|Zm2IRVaoxlE0cko4fukQZ2HiJfJVIpFGV5PBOdOls2l2hAJyXlZpQ3ZfFv/</bindpw>
<data_source>LDAP</data_source>
<disablereferalchasing>true</disablereferalchasing>
<errorCode>0</errorCode>
<id>adf4ds</id>
<label>adf4ds</label>
<ldapurl>{AES}zXOiFTUb09CIGyc6VqsslpfdZI1KSnl69WXHM+A+k1atR8Uws0V4zc1cJtKz|wmZkr5V0USfYv4veIYXAS0dqayux5HLc3gC8Fc4FDCRSugOCsXEWhgVmNRwX2tyhaLPUUj8IVhf/</ldapurl>
<pageresultcontrol>true</pageresultcontrol>
<pagesize>600</pagesize>
<ssl>true</ssl>
<status>OK</status>
</record>
</wrap>
</xml>