<?xml version="1.0" encoding="UTF-8" ?>
<xml>
<xsd:schema xmlns:xsd="http://www.w3.org/2001/XMLSchema" xmlns:sql="http://www.radiantlogic.com/schemas" >
<xsd:annotation>
<xsd:documentation xml:lang="en">
This schema is generated by RadiantLogic XML tool.
</xsd:documentation>
</xsd:annotation>
<xsd:element name="wrap" type="wrapType" />
<xsd:complexType name="wrapType">
<xsd:sequence>
<xsd:element name="record" type="recordType" minOccurs="0" maxOccurs="unbounded" />
</xsd:sequence>
</xsd:complexType>
<xsd:complexType name="recordType">
<xsd:sequence>
<xsd:element name="DBMSName" sql:field="DBMS Name" type="xsd:string" />
<xsd:element name="pageresultcontrol" type="xsd:string" />
<xsd:element name="active" type="xsd:string" />
<xsd:element name="errorCode" type="xsd:string" />
<xsd:element name="failoverurl" type="xsd:string" />
<xsd:element name="label" type="xsd:string" />
<xsd:element name="kerberos" type="xsd:string" />
<xsd:element name="rolemappings" type="xsd:string" />
<xsd:element name="ssl" type="xsd:string" />
<xsd:element name="data_source" type="xsd:string" />
<xsd:element name="binddn" type="xsd:string" />
<xsd:element name="disablereferalchasing" type="xsd:string" />
<xsd:element name="bindpw" type="xsd:string" />
<xsd:element name="pagesize" type="xsd:string" />
<xsd:element name="ldapurl" type="xsd:string" />
<xsd:element name="id" type="xsd:string" />
<xsd:element name="basedn" type="xsd:string" />
<xsd:element name="verifyhostname" type="xsd:string" />
<xsd:element name="backendstatus" type="xsd:string" />
<xsd:element name="status" type="xsd:string" />
</xsd:sequence>
<xsd:attribute name="recordID" type="xsd:string" />
</xsd:complexType>
</xsd:schema>
<wrap>
<record recordID="1">
<DBMSName>{AES}fH2QLtR8d8Z/ugCLusmLKCTQwNplKB9+w5kzAWazMmrHXC5+Zh/07KUzDKyx|F7xiE6eGN1D/</DBMSName>
<active>true</active>
<backendstatus>on</backendstatus>
<basedn>{AES}BG8NHHTngfrPeH7IdnFlbEiAeR4fL7LrjGs2w96Q0oaz5R9KDhl0DCLktz|SJNS9m48uc9OqbvIw3E7SRRfekMxnCWgjW1hlpJMjOA740LdVQ61sIPv8=</basedn>
<binddn>{AES}w7zNeW78HWvNcS/t5LKZNazp+qSZTuBhUtY47J3|zidtJVqeZ7rU1SvcUnghogCdkLzDQgRkPn680FWGl71Ypfu16pdJQ/w==</binddn>
<bindpw>{AES}FjbD7Y9WveZkhviwhiNxlKWKpwAtI4hwf7nUEBgdxoyxUfH0wC|GEQ+gx2pb/USWmp4r9iEf/</bindpw>
<data_source>LDAP</data_source>
<disablereferalchasing>true</disablereferalchasing>
<errorCode>0</errorCode>
<failoverurl>{AES}BRZ+UDcrlehyr9WYkhCoHsWwsvxlL7jqZuHPGKtkJk9lK6plltZRPOCmcQWVoHt|fedSyvDP/</failoverurl>
<id>adf4vtree</id>
<kerberos>false</kerberos>
<label>adf4vtree</label>
<ldapurl>{AES}wlSs1LHl4OlW8jTztYmgYYzeD8RtgQv2uhX9p5hv2w7mibGlwa5l52lflvBmaTQPHzoLHnhB/Ska49RleICR4IIo8tWN7LgAVfg|Yh4+/HgSVRM6ezKLSZKJiqSwU0BNbN61OfyX/</ldapurl>
<pageresultcontrol>true</pageresultcontrol>
<pagesize>600</pagesize>
<rolemappings></rolemappings>
<ssl>false</ssl>
<status>OK</status>
<verifyhostname>false</verifyhostname>
</record>
</wrap>
</xml>