<?xml version="1.0" encoding="UTF-8" ?>
<xml>
<xsd:schema xmlns:xsd="http://www.w3.org/2001/XMLSchema" xmlns:sql="http://www.radiantlogic.com/schemas" >
<xsd:annotation>
<xsd:documentation xml:lang="en">
This schema is generated by RadiantLogic XML tool.
</xsd:documentation>
</xsd:annotation>
<xsd:element name="wrap" type="wrapType" />
<xsd:complexType name="wrapType">
<xsd:sequence>
<xsd:element name="record" type="recordType" minOccurs="0" maxOccurs="unbounded" />
</xsd:sequence>
</xsd:complexType>
<xsd:complexType name="recordType">
<xsd:sequence>
<xsd:element name="DBMSName" sql:field="DBMS Name" type="xsd:string" />
<xsd:element name="pageresultcontrol" type="xsd:string" />
<xsd:element name="active" type="xsd:string" />
<xsd:element name="errorCode" type="xsd:string" />
<xsd:element name="failoverurl" type="xsd:string" />
<xsd:element name="label" type="xsd:string" />
<xsd:element name="kerberos" type="xsd:string" />
<xsd:element name="rolemappings" type="xsd:string" />
<xsd:element name="ssl" type="xsd:string" />
<xsd:element name="data_source" type="xsd:string" />
<xsd:element name="binddn" type="xsd:string" />
<xsd:element name="disablereferalchasing" type="xsd:string" />
<xsd:element name="bindpw" type="xsd:string" />
<xsd:element name="pagesize" type="xsd:string" />
<xsd:element name="ldapurl" type="xsd:string" />
<xsd:element name="id" type="xsd:string" />
<xsd:element name="basedn" type="xsd:string" />
<xsd:element name="verifyhostname" type="xsd:string" />
<xsd:element name="backendstatus" type="xsd:string" />
<xsd:element name="status" type="xsd:string" />
</xsd:sequence>
<xsd:attribute name="recordID" type="xsd:string" />
</xsd:complexType>
</xsd:schema>
<wrap>
<record recordID="1">
<DBMSName>{AES}b50LxQQoEx6c6UNp42v4LhzfJIcxary+XsH93GNPYIq1PgG9LQB/0/b|fuoBPhYQL/DMXzQr/</DBMSName>
<active>true</active>
<backendstatus>on</backendstatus>
<basedn>{AES}zV16RGDf1fsQyfPpx3X0cBXvRopaMEdJnmiuY77dY3cXkX70VB9b9Xw0ECL3+BO9qQOvFmAYdPVW5KkVGl64AuDKexshEkU|VdAxdD4wZ2kabQpzfOv8=</basedn>
<binddn>{AES}xG2Fc6ogqjWrRtsZjKV/CleexY35EEd42s2IjMJk8o6HlVJPmwyXz|UwNE5pxxf4Vnd8uu/Itymb7mWwl3JQdT9UvEIJV/w==</binddn>
<bindpw>{AES}5hS9COuaNq/2NVczUJav|5EiUR34DvgIpWnyw9lkq+Hhj0Wm8Sc8QVftd7+M21LzADLB8RTn/</bindpw>
<data_source>LDAP</data_source>
<disablereferalchasing>true</disablereferalchasing>
<errorCode>0</errorCode>
<failoverurl>{AES}drm|skthVBA6ki6H/FdwL1R5ycYGfYmjShK2IXCUkgsDdqYmEmD6JLKW0VfN+85u0jucK6GH/</failoverurl>
<id>adf4ds_periodic</id>
<kerberos>false</kerberos>
<label>adf4ds_periodic</label>
<ldapurl>{AES}5Mpg9kpAXLO3hcFRGW8Xwjmb8RaXk4zjI/r65tUCUZ/52uc9PXcZYauJEhL3ktgiDmK5KpS4NBKfjtEZFtvekJkM1jXtNFyaME6HCR7/AKvPfWkrjvFmTHlKIHaucpzSWNhsBpUx|zRl4X0ogN7CJef7LTYhC/w==</ldapurl>
<pageresultcontrol>true</pageresultcontrol>
<pagesize>600</pagesize>
<rolemappings></rolemappings>
<ssl>true</ssl>
<status>OK</status>
<verifyhostname>false</verifyhostname>
</record>
</wrap>
</xml>