<?xml version="1.0" encoding="UTF-8" ?>
<xml>
<xsd:schema xmlns:xsd="http://www.w3.org/2001/XMLSchema" xmlns:sql="http://www.radiantlogic.com/schemas" >
<xsd:annotation>
<xsd:documentation xml:lang="en">
This schema is generated by RadiantLogic XML tool.
</xsd:documentation>
</xsd:annotation>
<xsd:element name="wrap" type="wrapType" />
<xsd:complexType name="wrapType">
<xsd:sequence>
<xsd:element name="record" type="recordType" minOccurs="0" maxOccurs="unbounded" />
</xsd:sequence>
</xsd:complexType>
<xsd:complexType name="recordType">
<xsd:sequence>
<xsd:element name="DBMSName" sql:field="DBMS Name" type="xsd:string" />
<xsd:element name="pageresultcontrol" type="xsd:string" />
<xsd:element name="active" type="xsd:string" />
<xsd:element name="errorCode" type="xsd:string" />
<xsd:element name="label" type="xsd:string" />
<xsd:element name="ssl" type="xsd:string" />
<xsd:element name="data_source" type="xsd:string" />
<xsd:element name="binddn" type="xsd:string" />
<xsd:element name="disablereferalchasing" type="xsd:string" />
<xsd:element name="bindpw" type="xsd:string" />
<xsd:element name="pagesize" type="xsd:string" />
<xsd:element name="ldapurl" type="xsd:string" />
<xsd:element name="id" type="xsd:string" />
<xsd:element name="basedn" type="xsd:string" />
<xsd:element name="backendstatus" type="xsd:string" />
<xsd:element name="status" type="xsd:string" />
</xsd:sequence>
<xsd:attribute name="recordID" type="xsd:string" />
</xsd:complexType>
</xsd:schema>
<wrap>
<record recordID="1">
<DBMSName>{AES}QK5HmRSXMbAhG2I28Y3rgWvLy7Yfe0kB6zFLU7Yx5henbIvZigdyz3NM|jXMcVoZMdW1LuTz/</DBMSName>
<active>true</active>
<backendstatus>on</backendstatus>
<basedn>{AES}KTOlOPmYIIBpI3cHkc6SdlQK|x9YrRetIqyb/tfTdM3BBaQvxOU5hQ8faLKQOzLDN0wCLEIKX38MI15B2sJLCuxvK9Mdi/w==</basedn>
<binddn>{AES}eqOCBgw2qJ|RhYHANXtRddB3Bh3a+DZrDfPU24NaewWhTOMhJ6hwNsmW8jlpg6V0xGWYcsHf8S19DMopkk6lIZzDi3VEz/w==</binddn>
<bindpw>{AES}pA|TRw8VC90KPZmh/bQxLi32cub83x31YAjra3qBGD6z3zukR6TWa7fY+pp5twcrBLrnELXz/</bindpw>
<data_source>LDAP</data_source>
<disablereferalchasing>true</disablereferalchasing>
<errorCode>0</errorCode>
<id>adf4ds_for_ics</id>
<label>adf4ds_for_ics</label>
<ldapurl>{AES}fhQYBLoSwBzWQQWxD5B7S|FxT8h+7pIhb0vJ4c6dirqp25b2r+W/WVlHp4zhxak7k/YLYGSjiRd9vIZ7/4qBOb9yyBW8ghCO915RTks46YqxyBA3tWaAp3HXI49uwMciZTjePgVL/</ldapurl>
<pageresultcontrol>true</pageresultcontrol>
<pagesize>600</pagesize>
<ssl>true</ssl>
<status>OK</status>
</record>
</wrap>
</xml>