<?xml version="1.0" encoding="UTF-8" ?>
<xml>
<xsd:schema xmlns:xsd="http://www.w3.org/2001/XMLSchema" xmlns:sql="http://www.radiantlogic.com/schemas" >
<xsd:annotation>
<xsd:documentation xml:lang="en">
This schema is generated by RadiantLogic XML tool.
</xsd:documentation>
</xsd:annotation>
<xsd:element name="wrap" type="wrapType" />
<xsd:complexType name="wrapType">
<xsd:sequence>
<xsd:element name="record" type="recordType" minOccurs="0" maxOccurs="unbounded" />
</xsd:sequence>
</xsd:complexType>
<xsd:complexType name="recordType">
<xsd:sequence>
<xsd:element name="password" type="xsd:string" />
<xsd:element name="DBMSName" sql:field="DBMS Name" type="xsd:string" />
<xsd:element name="active" type="xsd:string" />
<xsd:element name="errorCode" type="xsd:string" />
<xsd:element name="id" type="xsd:string" />
<xsd:element name="label" type="xsd:string" />
<xsd:element name="driver-class-name" type="xsd:string" />
<xsd:element name="data_source" type="xsd:string" />
<xsd:element name="url" type="xsd:string" />
<xsd:element name="username" type="xsd:string" />
<xsd:element name="status" type="xsd:string" />
</xsd:sequence>
<xsd:attribute name="recordID" type="xsd:string" />
</xsd:complexType>
</xsd:schema>
<wrap>
<record recordID="1">
<DBMSName>{AES}CWWNZCrr/BEX0cf5cARRojDFpER6RAD7cItjmrH0TO56v7R0nxLhWy6sYp|gDKDgOv0oxKVX/</DBMSName>
<active>true</active>
<data_source>JDBC</data_source>
<driver-class-name>{AES}qSc9foYpuvGAVOuNJB/CL70MXgnbEGees64u29yviPK3RJXn/9+Xgoq0CCAm39N2l16Wkk2Vhg|W1kjGHa8VO0Tq7sFezIp2imzxndDI9MTZa2SS4M/8=</driver-class-name>
<errorCode>0</errorCode>
<id>advworks</id>
<label>advworks</label>
<password>{AES}3ds2n+EvCpWkDe2THgOoCzbdZR|T5M+oU13xfHkxTJPPIMiUKQt1ndiQT06KlJZkn9JUtnH3/</password>
<status>OK</status>
<url>{AES}xuHbHZcloRSnvFiy416Rba0d7MsuxeMymyrIIINQcU|Q9/ABKUecPXaL3I+cp+TEEpof3K88iUvI8cBGN95dP/XXmc5uPfeqQTQDRrqsJkqBGABu3K/8=</url>
<username>{AES}Xz7YNfgx4UlhvPNnu66U166k4m|iP4D4FKbfauAStqnZmABJFNczn+3CDv1p5fO+1h4DTRxn/</username>
</record>
</wrap>
</xml>