<?xml version="1.0" encoding="UTF-8" ?>
<xml>
<xsd:schema xmlns:xsd="http://www.w3.org/2001/XMLSchema" xmlns:sql="http://www.radiantlogic.com/schemas" >
<xsd:annotation>
<xsd:documentation xml:lang="en">
This schema is generated by RadiantLogic XML tool.
</xsd:documentation>
</xsd:annotation>
<xsd:element name="wrap" type="wrapType" />
<xsd:complexType name="wrapType">
<xsd:sequence>
<xsd:element name="record" type="recordType" minOccurs="0" maxOccurs="unbounded" />
</xsd:sequence>
</xsd:complexType>
<xsd:complexType name="recordType">
<xsd:sequence>
<xsd:element name="password" type="xsd:string" />
<xsd:element name="DBMSName" sql:field="DBMS Name" type="xsd:string" />
<xsd:element name="active" type="xsd:string" />
<xsd:element name="errorCode" type="xsd:string" />
<xsd:element name="id" type="xsd:string" />
<xsd:element name="label" type="xsd:string" />
<xsd:element name="driver-class-name" type="xsd:string" />
<xsd:element name="data_source" type="xsd:string" />
<xsd:element name="url" type="xsd:string" />
<xsd:element name="username" type="xsd:string" />
<xsd:element name="status" type="xsd:string" />
</xsd:sequence>
<xsd:attribute name="recordID" type="xsd:string" />
</xsd:complexType>
</xsd:schema>
<wrap>
<record recordID="1">
<DBMSName>{AES}ByHBFNSqOCi7t4kzeZ4ijOApLVcbdk|XiC/if1cR8CbeOEfozK7JoUWs15a/DvyOsnQgYyH3/</DBMSName>
<active>true</active>
<data_source>JDBC</data_source>
<driver-class-name>{AES}4LkBmd+pKDWVNFHGtW6IbNXFDn8tOpnEwTWFhpSzQhwO/Wq5eWocNs2m3V1HeMSCLic5f8Ymzodufx0MBTSDeDjoHg5XrGzGx7C2|+YNFoPsMVK03AP8=</driver-class-name>
<errorCode>0</errorCode>
<id>derbysales</id>
<label>derbysales</label>
<password>{AES}|JelTtIvZ7zlLRTG/Vn8xDiWthXwoc79RHBy2ggARhA55wimVvQa52ehCIckB0ZVqzqDmRiD/</password>
<status>OK</status>
<url>{AES}7yxDDo8ZdaDd/ja9KV0qkq9mfu0Qq8ljB3fpxfaI4GuVF7GI/srMsZ4C4m4QxrDMhHHFk5eLvnJHnYg3srmlXvSHGS6VzCY/ww2|38lR10zd3217iN/8=</url>
<username>{AES}s3OYDKrwXwgIakvuT4Hpz8QrEnIv8e|BfL6MsSHRUuqNjTzV+HACixLShPxYOF241WB/Yt1b/</username>
</record>
</wrap>
</xml>