<?xml version="1.0" encoding="UTF-8" ?>
<xml>
<xsd:schema xmlns:xsd="http://www.w3.org/2001/XMLSchema" xmlns:sql="http://www.radiantlogic.com/schemas" >
<xsd:annotation>
<xsd:documentation xml:lang="en">
This schema is generated by RadiantLogic XML tool.
</xsd:documentation>
</xsd:annotation>
<xsd:element name="wrap" type="wrapType" />
<xsd:complexType name="wrapType">
<xsd:sequence>
<xsd:element name="record" type="recordType" minOccurs="0" maxOccurs="unbounded" />
</xsd:sequence>
</xsd:complexType>
<xsd:complexType name="recordType">
<xsd:sequence>
<xsd:element name="password" type="xsd:string" />
<xsd:element name="DBMSName" sql:field="DBMS Name" type="xsd:string" />
<xsd:element name="active" type="xsd:string" />
<xsd:element name="errorCode" type="xsd:string" />
<xsd:element name="id" type="xsd:string" />
<xsd:element name="label" type="xsd:string" />
<xsd:element name="driver-class-name" type="xsd:string" />
<xsd:element name="data_source" type="xsd:string" />
<xsd:element name="url" type="xsd:string" />
<xsd:element name="username" type="xsd:string" />
<xsd:element name="status" type="xsd:string" />
</xsd:sequence>
<xsd:attribute name="recordID" type="xsd:string" />
</xsd:complexType>
</xsd:schema>
<wrap>
<record recordID="1">
<DBMSName>{AES}vnkMPtMmWZTrom|vC+ure5uVlZ95IGUpm9Kxt55nlfXfLhwRlphTbdIw4oArjKZH2nUN28mP/</DBMSName>
<active>true</active>
<data_source>JDBC</data_source>
<driver-class-name>{AES}Q1qmshuZVU7MsooDc86TGyaqFR|/A3CJrA2A7lGuDT6xFhvoW/bel32tFYEHZOj8Zcy8rIoykPRnx2ybPVfLKDuzMfxLeWh0STo0sAAijcfsyfwtMff8=</driver-class-name>
<errorCode>0</errorCode>
<id>derbyorders</id>
<label>derbyorders</label>
<password>{AES}Mlvs0BYBSmaZWr6cDNzC|gAdLzzmdG50kSTXcL97jGzHwhT6ypUEVWm08xDgLG4MRXY4hUUb/</password>
<status>OK</status>
<url>{AES}qFivTo3V0SD8r3QgxJ2S5ViKdKaVyd6KEUwiJP8dBzM2FdJpq7RjCXFQBUDeSNiqBFd56UIMB10ioRrBhuZSVwu5oObSX123LKzo|s6gySQ+ZUqSlI/8=</url>
<username>{AES}kJ4L7N+A9Gfheq46y/sWT6awqv52Jc6Rr3BUp0U|qzpPoswVY+2pc+cTtSsQSnXSK1cu2ngr/</username>
</record>
</wrap>
</xml>