<?xml version="1.0" encoding="UTF-8" ?>
<xml>
<xsd:schema xmlns:xsd="http://www.w3.org/2001/XMLSchema" xmlns:sql="http://www.radiantlogic.com/schemas" >
<xsd:annotation>
<xsd:documentation xml:lang="en">
This schema is generated by RadiantLogic XML tool.
</xsd:documentation>
</xsd:annotation>
<xsd:element name="wrap" type="wrapType" />
<xsd:complexType name="wrapType">
<xsd:sequence>
<xsd:element name="record" type="recordType" minOccurs="0" maxOccurs="unbounded" />
</xsd:sequence>
</xsd:complexType>
<xsd:complexType name="recordType">
<xsd:sequence>
<xsd:element name="DBMSName" sql:field="DBMS Name" type="xsd:string" />
<xsd:element name="active" type="xsd:string" />
<xsd:element name="errorCode" type="xsd:string" />
<xsd:element name="label" type="xsd:string" />
<xsd:element name="alternatedatasource" type="xsd:string" />
<xsd:element name="data_source" type="xsd:string" />
<xsd:element name="url" type="xsd:string" />
<xsd:element name="password" type="xsd:string" />
<xsd:element name="id" type="xsd:string" />
<xsd:element name="driver-class-name" type="xsd:string" />
<xsd:element name="username" type="xsd:string" />
<xsd:element name="backendstatus" type="xsd:string" />
<xsd:element name="status" type="xsd:string" />
</xsd:sequence>
<xsd:attribute name="recordID" type="xsd:string" />
</xsd:complexType>
</xsd:schema>
<wrap>
<record recordID="1">
<DBMSName>{AES}mF4zK+Nq24s+QftL8QW4V0zLc9hSdBbPmkt9/zgoSJWXA1qRl1avx84zzGr8PhYXEk5tY|jz/</DBMSName>
<active>true</active>
<alternatedatasource></alternatedatasource>
<backendstatus>on</backendstatus>
<data_source>JDBC</data_source>
<driver-class-name>{AES}j|LFsX1osZEruyDwZBpxo/tZtwbq8L1PO8AgTKJ3mP49+gLzFQP49728/thsYPRWLi2t7ZfohP1wYxPjhBzxLiLHfGVnQuauizMt2AtxuiF/3QlT+dP8=</driver-class-name>
<errorCode>0</errorCode>
<id>examples</id>
<label>examples</label>
<password>{AES}/phhRa5yp9Rz7mmHpNOSNjl5SeQ+Ao70+pghM9l5rDiqVvA8WiPPlUyRMMnZMfJcVhdUp|lD/</password>
<status>OK</status>
<url>{AES}zO5OGMrFvCqQpzDC/k3dLguSnXM7DePlo0E|BML74rO9dnf5EH6vXur6qxzv3nnMrQutYimEVmv2HD7M34GVEP3PL5XGqtvnlfd1K/J8tGhQyHPTeCP8=</url>
<username>{AES}AdR51HJfw1iwQs8FTurDeBkCmrB4OGwpv2TTQftt|jHmdI1zigSfsnnOtil6aEiLPIKcfkEP/</username>
</record>
</wrap>
</xml>