<?xml version="1.0" encoding="UTF-8" ?>
<xml>
<xsd:schema xmlns:xsd="http://www.w3.org/2001/XMLSchema" xmlns:sql="http://www.radiantlogic.com/schemas" >
<xsd:annotation>
<xsd:documentation xml:lang="en">
This schema is generated by RadiantLogic XML tool.
</xsd:documentation>
</xsd:annotation>
<xsd:element name="wrap" type="wrapType" />
<xsd:complexType name="wrapType">
<xsd:sequence>
<xsd:element name="record" type="recordType" minOccurs="0" maxOccurs="unbounded" />
</xsd:sequence>
</xsd:complexType>
<xsd:complexType name="recordType">
<xsd:sequence>
<xsd:element name="DBMSName" sql:field="DBMS Name" type="xsd:string" />
<xsd:element name="active" type="xsd:string" />
<xsd:element name="errorCode" type="xsd:string" />
<xsd:element name="label" type="xsd:string" />
<xsd:element name="alternatedatasource" type="xsd:string" />
<xsd:element name="data_source" type="xsd:string" />
<xsd:element name="url" type="xsd:string" />
<xsd:element name="password" type="xsd:string" />
<xsd:element name="id" type="xsd:string" />
<xsd:element name="driver-class-name" type="xsd:string" />
<xsd:element name="username" type="xsd:string" />
<xsd:element name="backendstatus" type="xsd:string" />
<xsd:element name="status" type="xsd:string" />
</xsd:sequence>
<xsd:attribute name="recordID" type="xsd:string" />
</xsd:complexType>
</xsd:schema>
<wrap>
<record recordID="1">
<DBMSName>{AES}JIPtCyHnKlh34U09Eq|ytSs8tLnqIjxPLF+p0tiWxP/DIDoSqJeDqynE7+pjScXVOyhvAdV7/</DBMSName>
<active>true</active>
<alternatedatasource></alternatedatasource>
<backendstatus>on</backendstatus>
<data_source>JDBC</data_source>
<driver-class-name>{AES}QvGFWAb2cMxHfe9dfu5NYy8wncgyt6HRs91|tm+oSF3cB1wG6PaExaVnLq+Lg+WtCFBPNK3WtMJyvxRdRJzheb6r28/pZkX7bEMsYXq/3MLegkeLnGf8=</driver-class-name>
<errorCode>0</errorCode>
<id>log2db</id>
<label>log2db</label>
<password>{AES}ZOTeSlMV8hcTClDvT4wGCdxV4hI+syKEG5UQLVoWnDmtnNh|P7+qcqEKTYAffaD2M2UT56C7/</password>
<status>OK</status>
<url>{AES}fE8rJhn7nCBndMD5Q68lhrLgqH2+s1nhRZZqovKH5kCB|dm2XuwUapSLifhqUEHD5bz+l1W2vpRlLYIsEkSQ9nFhHQ2OkauZTP5wPv1/4rvhbokH9Nv8=</url>
<username>{AES}me+wyheMbOywOnk/U6|lmHjbLpgU1i6THgOKRHf3+HPg0biu60hQBCXLhqxvQ1t9X6jFl+TP/</username>
</record>
</wrap>
</xml>