<?xml version="1.0" encoding="UTF-8" ?>
<xml>
<xsd:schema xmlns:xsd="http://www.w3.org/2001/XMLSchema" xmlns:sql="http://www.radiantlogic.com/schemas" >
<xsd:annotation>
<xsd:documentation xml:lang="en">
This schema is generated by RadiantLogic XML tool.
</xsd:documentation>
</xsd:annotation>
<xsd:element name="wrap" type="wrapType" />
<xsd:complexType name="wrapType">
<xsd:sequence>
<xsd:element name="record" type="recordType" minOccurs="0" maxOccurs="unbounded" />
</xsd:sequence>
</xsd:complexType>
<xsd:complexType name="recordType">
<xsd:sequence>
<xsd:element name="password" type="xsd:string" />
<xsd:element name="DBMSName" sql:field="DBMS Name" type="xsd:string" />
<xsd:element name="active" type="xsd:string" />
<xsd:element name="errorCode" type="xsd:string" />
<xsd:element name="id" type="xsd:string" />
<xsd:element name="label" type="xsd:string" />
<xsd:element name="driver-class-name" type="xsd:string" />
<xsd:element name="data_source" type="xsd:string" />
<xsd:element name="url" type="xsd:string" />
<xsd:element name="username" type="xsd:string" />
<xsd:element name="status" type="xsd:string" />
</xsd:sequence>
<xsd:attribute name="recordID" type="xsd:string" />
</xsd:complexType>
</xsd:schema>
<wrap>
<record recordID="1">
<DBMSName>{AES}PAt5cAIMNyCnXd31jn|S7DKB1nuEwcsQFcW/XUD6uV1TEe2ZMdd09V4JVd+GJZyGvGaI+cTb/</DBMSName>
<active>true</active>
<data_source>JDBC</data_source>
<driver-class-name>{AES}24AE5iYJZK7nznrsTctFVBg2+AIurfbPYs+IlkhOxw2P4bEDrQhaTnrKswz+fMTkUJVar0vS/Iisw1rQbgYiNfPOA4GW9dfDo5Cs6|k6pio2u4M9cTf8=</driver-class-name>
<errorCode>0</errorCode>
<id>multistore</id>
<label>multistore</label>
<password>{AES}Yfzc0cKi6oW52Mjw13yVTXSE7J89helNvQTC0+6W|1rx2AzCKmi7wNRfvah/PiCbXAUP1eC3/</password>
<status>OK</status>
<url>{AES}NVpw2jv5XZgKtflYaiX4zBnA5shWrrhfwxDGi/zvj8BbAuO8ZbnAcJ69vK5tLj9cambtlMi8zA8ByDXrzPr|WCduNA7dodXCp14l8CiCSjAlcHqRFV/8=</url>
<username>{AES}Cirs4NykawIgO669FvBrp|jrRlBbyFGCBpZZ2f3g+q1AwoyL6HspAy0dTDMZeqSOeA3QCDkz/</username>
</record>
</wrap>
</xml>