<?xml version="1.0" encoding="UTF-8" ?>
<xml>
<xsd:schema xmlns:xsd="http://www.w3.org/2001/XMLSchema" xmlns:sql="http://www.radiantlogic.com/schemas" >
<xsd:annotation>
<xsd:documentation xml:lang="en">
This schema is generated by RadiantLogic XML tool.
</xsd:documentation>
</xsd:annotation>
<xsd:element name="wrap" type="wrapType" />
<xsd:complexType name="wrapType">
<xsd:sequence>
<xsd:element name="record" type="recordType" minOccurs="0" maxOccurs="unbounded" />
</xsd:sequence>
</xsd:complexType>
<xsd:complexType name="recordType">
<xsd:sequence>
<xsd:element name="password" type="xsd:string" />
<xsd:element name="DBMSName" sql:field="DBMS Name" type="xsd:string" />
<xsd:element name="active" type="xsd:string" />
<xsd:element name="errorCode" type="xsd:string" />
<xsd:element name="id" type="xsd:string" />
<xsd:element name="label" type="xsd:string" />
<xsd:element name="driver-class-name" type="xsd:string" />
<xsd:element name="data_source" type="xsd:string" />
<xsd:element name="url" type="xsd:string" />
<xsd:element name="username" type="xsd:string" />
<xsd:element name="status" type="xsd:string" />
</xsd:sequence>
<xsd:attribute name="recordID" type="xsd:string" />
</xsd:complexType>
</xsd:schema>
<wrap>
<record recordID="1">
<DBMSName>{AES}4XlF4GAR5jrgo1tY6D6zxsZZaPFYdT9IevcANtDJ0Bsc2HEPMCLKnDJ9|4Fgi+/mCx5LnCBr/</DBMSName>
<active>true</active>
<data_source>JDBC</data_source>
<driver-class-name>{AES}VwPp7jYzY/6c0MgpvFRhaiqUWjZHa9lPXIJvCRm8bWQDylV|o2ox7jeInwcjgMrmNFKO006ke9F9ZKKLYMJgQWpH9/+sFQw80ulT8yFNoydXa1MURFP8=</driver-class-name>
<errorCode>0</errorCode>
<id>northwind</id>
<label>northwind</label>
<password>{AES}/wFyowg7Ei3EE/Zjf2YVq1HSxa5kHuSwzclv4Dog0CXGK5v7oclwB|hpYtsmOiyNDkDWGiTn/</password>
<status>OK</status>
<url>{AES}jbzkqVZ555VlcBO0qJXnHaZQCeZUh/2HD12gXGYrd5hjU2hoqfMZCUdTNveG2Gq38O1uMPfoJO1b4d9c/j|jzUHo2lEQttJM4fW/GXyu8MEMQktJwB/8=</url>
<username>{AES}6245mWaMH0/WV|zkRkzOtp/u90bBZyAzGcr4ukjDZTzAFyhrQgq60dc6nSLKGkMs91JtIljX/</username>
</record>
</wrap>
</xml>