<?xml version="1.0" encoding="UTF-8" ?>
<xml>
<xsd:schema xmlns:xsd="http://www.w3.org/2001/XMLSchema" xmlns:sql="http://www.radiantlogic.com/schemas" >
<xsd:annotation>
<xsd:documentation xml:lang="en">
This schema is generated by RadiantLogic XML tool.
</xsd:documentation>
</xsd:annotation>
<xsd:element name="wrap" type="wrapType" />
<xsd:complexType name="wrapType">
<xsd:sequence>
<xsd:element name="record" type="recordType" minOccurs="0" maxOccurs="unbounded" />
</xsd:sequence>
</xsd:complexType>
<xsd:complexType name="recordType">
<xsd:sequence>
<xsd:element name="DBMSName" sql:field="DBMS Name" type="xsd:string" />
<xsd:element name="pageresultcontrol" type="xsd:string" />
<xsd:element name="active" type="xsd:string" />
<xsd:element name="errorCode" type="xsd:string" />
<xsd:element name="failoverurl" type="xsd:string" />
<xsd:element name="label" type="xsd:string" />
<xsd:element name="kerberos" type="xsd:string" />
<xsd:element name="rolemappings" type="xsd:string" />
<xsd:element name="ssl" type="xsd:string" />
<xsd:element name="data_source" type="xsd:string" />
<xsd:element name="binddn" type="xsd:string" />
<xsd:element name="disablereferalchasing" type="xsd:string" />
<xsd:element name="bindpw" type="xsd:string" />
<xsd:element name="pagesize" type="xsd:string" />
<xsd:element name="ldapurl" type="xsd:string" />
<xsd:element name="id" type="xsd:string" />
<xsd:element name="basedn" type="xsd:string" />
<xsd:element name="verifyhostname" type="xsd:string" />
<xsd:element name="backendstatus" type="xsd:string" />
<xsd:element name="status" type="xsd:string" />
</xsd:sequence>
<xsd:attribute name="recordID" type="xsd:string" />
</xsd:complexType>
</xsd:schema>
<wrap>
<record recordID="1">
<DBMSName>{AES}Mgb4QnGvjIVmR7GU7o4o8G9/9hIK|wYTth4N7L1n0EazJuREvOCMlpsNiM0I24FIXBpk3twX/</DBMSName>
<active>true</active>
<backendstatus>on</backendstatus>
<basedn>{AES}J3tcXwOOSSssRQgg7m|C3caqV52yvJgZNenWqDuJI8ZVIuRbmya2K/M9WMWdS7AroYWLyzApl/3fr5aw/LvWFuIiQXDUYZVjMGwcJ2lSrcEeroepPV/8=</basedn>
<binddn>{AES}yu2Rj2lB0tBSQc5rDeYGaI4hsRA9onjWFu2W6r+dXRXG|Vv6IIMK2gGSUJ2IYGv6yS1qAMJ8F3eAUR6iHwyoajuf9JQhr/w==</binddn>
<bindpw>{AES}lKKXhTDc53MxwMoBg/TB4djo|DemCVwrTD7FyOfsowSl/xcOA/PhNW2BCwVOvmiIiEjbKw2T/</bindpw>
<data_source>LDAP</data_source>
<disablereferalchasing>true</disablereferalchasing>
<errorCode>0</errorCode>
<failoverurl>{AES}88CC1gjYOFoa4n7K9cu2nOw8/4dQ0VgANm3WtWl6jJqptvWOb|TD9GdlEIfNZnK4kw8mju0v/</failoverurl>
<id>odj2vtree</id>
<kerberos>false</kerberos>
<label>odj2vtree</label>
<ldapurl>{AES}AMJguDrSiwkuUvhRWu9FZcMXtK0G9aOkvj7+PCXqwJd669fsdXx1pFxRp9W5+BXd/tIJ/me84QBRQ2jEtxxNswieCxp06G|BIK8fvj6uCxDGMy6ZYzCV8n4hJ8fyKvl0bOkIh8zn/</ldapurl>
<pageresultcontrol>false</pageresultcontrol>
<pagesize>0</pagesize>
<rolemappings></rolemappings>
<ssl>false</ssl>
<status>OK</status>
<verifyhostname>false</verifyhostname>
</record>
</wrap>
</xml>