<?xml version="1.0" encoding="UTF-8" ?>
<xml>
<xsd:schema xmlns:xsd="http://www.w3.org/2001/XMLSchema" xmlns:sql="http://www.radiantlogic.com/schemas" >
<xsd:annotation>
<xsd:documentation xml:lang="en">
This schema is generated by RadiantLogic XML tool.
</xsd:documentation>
</xsd:annotation>
<xsd:element name="wrap" type="wrapType" />
<xsd:complexType name="wrapType">
<xsd:sequence>
<xsd:element name="record" type="recordType" minOccurs="0" maxOccurs="unbounded" />
</xsd:sequence>
</xsd:complexType>
<xsd:complexType name="recordType">
<xsd:sequence>
<xsd:element name="DBMSName" sql:field="DBMS Name" type="xsd:string" />
<xsd:element name="pageresultcontrol" type="xsd:string" />
<xsd:element name="active" type="xsd:string" />
<xsd:element name="errorCode" type="xsd:string" />
<xsd:element name="failoverurl" type="xsd:string" />
<xsd:element name="label" type="xsd:string" />
<xsd:element name="kerberos" type="xsd:string" />
<xsd:element name="rolemappings" type="xsd:string" />
<xsd:element name="ssl" type="xsd:string" />
<xsd:element name="data_source" type="xsd:string" />
<xsd:element name="binddn" type="xsd:string" />
<xsd:element name="disablereferalchasing" type="xsd:string" />
<xsd:element name="bindpw" type="xsd:string" />
<xsd:element name="pagesize" type="xsd:string" />
<xsd:element name="ldapurl" type="xsd:string" />
<xsd:element name="id" type="xsd:string" />
<xsd:element name="basedn" type="xsd:string" />
<xsd:element name="verifyhostname" type="xsd:string" />
<xsd:element name="backendstatus" type="xsd:string" />
<xsd:element name="status" type="xsd:string" />
</xsd:sequence>
<xsd:attribute name="recordID" type="xsd:string" />
</xsd:complexType>
</xsd:schema>
<wrap>
<record recordID="1">
<DBMSName>{AES}bXDAMwYsU|HFdW0UmEls8Mq8M0FVKRhKacqemLWgXFisvhN1MepGILm/ttrSchrVjWfsbUGj/</DBMSName>
<active>true</active>
<backendstatus>on</backendstatus>
<basedn>{AES}0rd9PUEoz3/4Q8VpZxYPPi3EstQkqx3eJwDvvQqC541UL6Qoclwt7c0Y+glPTDANL3z7zH|H/</basedn>
<binddn>{AES}P4ErtdQwgxdaJRiJROBkNySQOZocrMq00knDfXutXB34VlfXMFp/rkseEWdQNCZ2noZOl1pAplCElDGIhYKKFeJSD7ZI/w=|=</binddn>
<bindpw>{AES}N9ztYt5Zxz3H3QMCgEtadbXIEs9M|084bi8SUqUygb6eQEacARx5OCODDiYAkyGiVK9+kHxb/</bindpw>
<data_source>LDAP</data_source>
<disablereferalchasing>true</disablereferalchasing>
<errorCode>0</errorCode>
<failoverurl>{AES}GwkE|pxt+RKeFirxARMs8PChsjlJ1FZ2FHv9NBot4IH6yfNVWQp21A0rHV79Bcp8/QtFPWWb/</failoverurl>
<id>opendjjoinds</id>
<kerberos>false</kerberos>
<label>opendjjoinds</label>
<ldapurl>{AES}4s764wdZ8QVlytOWSfC92Vb+MxGZsv+65E|xyH7X1i0gulWPzcKWfkbQkXAjuKBaXhBFoa5B8Oey1d5qtN5CZlryX3+A3aFCvVkUS7lEzNL9gtQzEGv8=</ldapurl>
<pageresultcontrol>false</pageresultcontrol>
<pagesize>0</pagesize>
<rolemappings></rolemappings>
<ssl>false</ssl>
<status>OK</status>
<verifyhostname>false</verifyhostname>
</record>
</wrap>
</xml>