<?xml version="1.0" encoding="UTF-8" ?>
<xml>
<xsd:schema xmlns:xsd="http://www.w3.org/2001/XMLSchema" xmlns:sql="http://www.radiantlogic.com/schemas" >
<xsd:annotation>
<xsd:documentation xml:lang="en">
This schema is generated by RadiantLogic XML tool.
</xsd:documentation>
</xsd:annotation>
<xsd:element name="wrap" type="wrapType" />
<xsd:complexType name="wrapType">
<xsd:sequence>
<xsd:element name="record" type="recordType" minOccurs="0" maxOccurs="unbounded" />
</xsd:sequence>
</xsd:complexType>
<xsd:complexType name="recordType">
<xsd:sequence>
<xsd:element name="password" type="xsd:string" />
<xsd:element name="DBMSName" sql:field="DBMS Name" type="xsd:string" />
<xsd:element name="active" type="xsd:string" />
<xsd:element name="errorCode" type="xsd:string" />
<xsd:element name="id" type="xsd:string" />
<xsd:element name="label" type="xsd:string" />
<xsd:element name="driver-class-name" type="xsd:string" />
<xsd:element name="data_source" type="xsd:string" />
<xsd:element name="url" type="xsd:string" />
<xsd:element name="username" type="xsd:string" />
<xsd:element name="backendstatus" type="xsd:string" />
<xsd:element name="status" type="xsd:string" />
</xsd:sequence>
<xsd:attribute name="recordID" type="xsd:string" />
</xsd:complexType>
</xsd:schema>
<wrap>
<record recordID="1">
<DBMSName>{AES}jV96AyZc/S1OwIco+8fyGYnIJ5xxFy8GobaZslH1z7OcxTwrDMx88rz2oIeMJAQeSCbJ8Wfd4HvQ7e4xHbUWBDA6|vHRE/w==</DBMSName>
<active>true</active>
<backendstatus>unavailable</backendstatus>
<data_source>JDBC</data_source>
<driver-class-name>{AES}UoG2wtY8sX2OMnseRjs44EUkHxZPo+yliZmlO5wHt|jgCTtLbBav8r78v5mfPO7WiAB1Q+FhTYBAuDDAg88zkZJHqxqBm87LIkueAAt9nO9aJpMnCXf8=</driver-class-name>
<errorCode>0</errorCode>
<id>radiantsalesforce</id>
<label>radiantsalesforce</label>
<password>{AES}1DtPEvpzsDs/Fcy|TxF/xxyLNpKD1gK1vY9hSs4FkQyUXmvmaU7te+jwHnqUwVUKG0Td6uXb/</password>
<status>OK</status>
<url>{AES}JcpxU9SN4LUYShx8XIdiO2JbHTE4nPevHRGfcsJgkhvYIGyCzgoh5lxwXUDpqRBpbqIJeVce9lCMHXm4hb/9NwzIsn07/|w==</url>
<username>{AES}Ub6A8w3UC/tgsbyDCnN|0uIRCn9u+J3b+6MprVgWiG2uSf2K+665MmAQjsNTjBBDYi2Jn2uxGz3ZUkc0bQlMuLrsqZ5x8/w==</username>
</record>
</wrap>
</xml>