<?xml version="1.0" encoding="UTF-8" ?>
<xml>
<xsd:schema xmlns:xsd="http://www.w3.org/2001/XMLSchema" xmlns:sql="http://www.radiantlogic.com/schemas" >
<xsd:annotation>
<xsd:documentation xml:lang="en">
This schema is generated by RadiantLogic XML tool.
</xsd:documentation>
</xsd:annotation>
<xsd:element name="wrap" type="wrapType" />
<xsd:complexType name="wrapType">
<xsd:sequence>
<xsd:element name="record" type="recordType" minOccurs="0" maxOccurs="unbounded" />
</xsd:sequence>
</xsd:complexType>
<xsd:complexType name="recordType">
<xsd:sequence>
<xsd:element name="binddn" type="xsd:string" />
<xsd:element name="bindpw" type="xsd:string" />
<xsd:element name="DBMSName" sql:field="DBMS Name" type="xsd:string" />
<xsd:element name="ldapurl" type="xsd:string" />
<xsd:element name="active" type="xsd:string" />
<xsd:element name="errorCode" type="xsd:string" />
<xsd:element name="id" type="xsd:string" />
<xsd:element name="label" type="xsd:string" />
<xsd:element name="ssl" type="xsd:string" />
<xsd:element name="data_source" type="xsd:string" />
<xsd:element name="status" type="xsd:string" />
</xsd:sequence>
<xsd:attribute name="recordID" type="xsd:string" />
</xsd:complexType>
</xsd:schema>
<wrap>
<record recordID="1">
<DBMSName>{AES}Fg4vKe1cFVCUF8qmJBouV9NG2yRBe7eOSh5if5|iWcN97j/KIztxt5WSjiAwk65heygR+0QT/</DBMSName>
<active>true</active>
<binddn>{AES}LifKuXWC90bAfwkllEJ5ueYTtLvTwe6u90V4kLnTg|sMYpnGZIDdE4NeA3wCl+M1rTwYQrh/9nhDzzebeIKcJW2m/jQk6/w==</binddn>
<bindpw>{AES}k4OxtAIFYaBasMmoE+MqMrwv1AWGUUb1xaQ81j89BdGL|yEYwWCuHYztc0aRKRaSwf4ZtjQv/</bindpw>
<data_source>LDAP</data_source>
<errorCode>0</errorCode>
<id>replicationjournal</id>
<label>replicationjournal</label>
<ldapurl>{AES}OjquX|ZKSsqPRtrp6Ct8maFVP6XUN2nI4TCBkW93ruRO4omE2IGLT4EopLsWK686Sx7DZXnqDt9TLIzLxqUMFbiiAEe8p/w==</ldapurl>
<ssl>false</ssl>
<status>OK</status>
</record>
</wrap>
</xml>