<?xml version="1.0" encoding="UTF-8" ?>
<xml>
<xsd:schema xmlns:xsd="http://www.w3.org/2001/XMLSchema" xmlns:sql="http://www.radiantlogic.com/schemas" >
<xsd:annotation>
<xsd:documentation xml:lang="en">
This schema is generated by RadiantLogic XML tool.
</xsd:documentation>
</xsd:annotation>
<xsd:element name="wrap" type="wrapType" />
<xsd:complexType name="wrapType">
<xsd:sequence>
<xsd:element name="record" type="recordType" minOccurs="0" maxOccurs="unbounded" />
</xsd:sequence>
</xsd:complexType>
<xsd:complexType name="recordType">
<xsd:sequence>
<xsd:element name="password" type="xsd:string" />
<xsd:element name="DBMSName" sql:field="DBMS Name" type="xsd:string" />
<xsd:element name="active" type="xsd:string" />
<xsd:element name="errorCode" type="xsd:string" />
<xsd:element name="id" type="xsd:string" />
<xsd:element name="label" type="xsd:string" />
<xsd:element name="driver-class-name" type="xsd:string" />
<xsd:element name="data_source" type="xsd:string" />
<xsd:element name="url" type="xsd:string" />
<xsd:element name="username" type="xsd:string" />
<xsd:element name="status" type="xsd:string" />
</xsd:sequence>
<xsd:attribute name="recordID" type="xsd:string" />
</xsd:complexType>
</xsd:schema>
<wrap>
<record recordID="1">
<DBMSName>{AES}SNVAJSF|N+3NpaojeTXVTQgFYTqdQuYEg3hRfeYYewARVbS5sTeQNgXbTriJPgH8rQ7AGwwT/</DBMSName>
<active>true</active>
<data_source>JDBC</data_source>
<driver-class-name>{AES}Qyj5Rdo2L0BUYXX15Ial0Avkwq3MMtHuRRxcT2gTVmaZ6/BJahFVkPvYOMjL1iLeF//rMd9rL/u86TLXA+PG5xbXjJKiGL6D0|H34k6DVvtHOp/+kT/8=</driver-class-name>
<errorCode>0</errorCode>
<id>rli_client_db_datasource</id>
<label>rli_client_db_datasource</label>
<password>{AES}rwRCANg8W+IJD1battpAhrIGJIgektXn|jaEGApY3Z8wNrWpHw3mj89qb0TzX8ss0LC2bskT/</password>
<status>OK</status>
<url>{AES}Ho5a3YWXA2QlewRy9iq3IkdPV6xu50B37y7c3DO9M5wyzjp5x0FnBSraPA3nkrVnuwzzyIPnTrKOWW|0X/I7Y6YLmsPx+/jaz4p76+Fk+hJui7jH3bf8=</url>
<username>{AES}PMvZdekMa1r4MGDZbY3gRqJ40A5dnpS2X|Lr8N+LVQJyr2HDkMNQFUvHjSAzk726dHvuYN03/</username>
</record>
</wrap>
</xml>