<?xml version="1.0" encoding="UTF-8" ?>
<xml>
<xsd:schema xmlns:xsd="http://www.w3.org/2001/XMLSchema" xmlns:sql="http://www.radiantlogic.com/schemas" >
<xsd:annotation>
<xsd:documentation xml:lang="en">
This schema is generated by RadiantLogic XML tool.
</xsd:documentation>
</xsd:annotation>
<xsd:element name="wrap" type="wrapType" />
<xsd:complexType name="wrapType">
<xsd:sequence>
<xsd:element name="record" type="recordType" minOccurs="0" maxOccurs="unbounded" />
</xsd:sequence>
</xsd:complexType>
<xsd:complexType name="recordType">
<xsd:sequence>
<xsd:element name="password" type="xsd:string" />
<xsd:element name="DBMSName" sql:field="DBMS Name" type="xsd:string" />
<xsd:element name="active" type="xsd:string" />
<xsd:element name="errorCode" type="xsd:string" />
<xsd:element name="id" type="xsd:string" />
<xsd:element name="label" type="xsd:string" />
<xsd:element name="driver-class-name" type="xsd:string" />
<xsd:element name="data_source" type="xsd:string" />
<xsd:element name="url" type="xsd:string" />
<xsd:element name="username" type="xsd:string" />
<xsd:element name="status" type="xsd:string" />
</xsd:sequence>
<xsd:attribute name="recordID" type="xsd:string" />
</xsd:complexType>
</xsd:schema>
<wrap>
<record recordID="1">
<DBMSName>{AES}ToOrQNzV4TAqANdXsaHnFBgliqdHSFEkc3eQ3TG2LTcNDUtqptR0NukXAubT|hDfDr+fytjb/</DBMSName>
<active>true</active>
<data_source>JDBC</data_source>
<driver-class-name>{AES}qDcaHRkXkH|Ib2LZ1kM/T0HugPuUi9r9hUZKGNZZa6eLkusuTruioJ94ecuSN2vLZF8t88BoiDPDwffNfDc3b7X+DDVhTJFpumuWwRBj6FJanB7Ftc/8=</driver-class-name>
<errorCode>0</errorCode>
<id>rx500</id>
<label>rx500</label>
<password>{AES}IgZwyt0Nxxk2nCSpQFIzRyS+lD98XqthTJLrjEL1WAy33ed/W4zam+gGfPUgf|6HhcR9ZRXD/</password>
<status>OK</status>
<url>{AES}71TvumzxGf2EzFUoByxELdRuDnptEgIu9FfxzFwkIslObMEGoFh//5DCpmMM6Ol7B6TkIhLuNPZCITWcm7BtKdVv|b6JA8SiMShklpBsdKvGlOtMuFf8=</url>
<username>{AES}09YddUiayFC0HLmpG1vAXXSUlNCm7CeF5WmJFeqQ+yj5wzRSb1pb6LfIzZH|I/U+UvlcZ/X7/</username>
</record>
</wrap>
</xml>