<?xml version="1.0" encoding="UTF-8" ?>
<xml>
<xsd:schema xmlns:xsd="http://www.w3.org/2001/XMLSchema" xmlns:sql="http://www.radiantlogic.com/schemas" >
<xsd:annotation>
<xsd:documentation xml:lang="en">
This schema is generated by RadiantLogic XML tool.
</xsd:documentation>
</xsd:annotation>
<xsd:element name="wrap" type="wrapType" />
<xsd:complexType name="wrapType">
<xsd:sequence>
<xsd:element name="record" type="recordType" minOccurs="0" maxOccurs="unbounded" />
</xsd:sequence>
</xsd:complexType>
<xsd:complexType name="recordType">
<xsd:sequence>
<xsd:element name="password" type="xsd:string" />
<xsd:element name="DBMSName" sql:field="DBMS Name" type="xsd:string" />
<xsd:element name="active" type="xsd:string" />
<xsd:element name="errorCode" type="xsd:string" />
<xsd:element name="id" type="xsd:string" />
<xsd:element name="label" type="xsd:string" />
<xsd:element name="driver-class-name" type="xsd:string" />
<xsd:element name="data_source" type="xsd:string" />
<xsd:element name="url" type="xsd:string" />
<xsd:element name="username" type="xsd:string" />
<xsd:element name="status" type="xsd:string" />
</xsd:sequence>
<xsd:attribute name="recordID" type="xsd:string" />
</xsd:complexType>
</xsd:schema>
<wrap>
<record recordID="1">
<DBMSName>{AES}DJSLnzY+MH9TApx+cD9V9AjKuj+MDQRZ2S1z0pEt4raLwZQiBjRhaevE|qAd/M6wjynDblAz/</DBMSName>
<active>true</active>
<data_source>JDBC</data_source>
<driver-class-name>{AES}e8a77beL/8Ldv/ht454VVYogBT|OTuxiDJ7DsYEUuKF5fjAk6MxVpOCf/cB2WMDE67snXtJQzMlqQ2Qi47QKrKtlDRX3PC0rifcTD3ksfhO+0/aTQG/8=</driver-class-name>
<errorCode>0</errorCode>
<id>vdapdb</id>
<label>vdapdb</label>
<password>{AES}RkrJF|iJ8UNLPVCDXmDZ4JrSNo+OadZS/5CyPWDj2JIXd1cgMGDfVZpPvTl1fallMQp+cozL/</password>
<status>OK</status>
<url>{AES}h9GiQqj2SBnNpy1cM7VLWJbnsCB7VFZDP2oDxYgnBnq+DZPYUDqVczenIL6/nqemy4MHbSOByzL1Tk/qT5Gz3oXdKrWil5+ZEYijLiwsslmE|jdkSAP8=</url>
<username>{AES}BEU9/bGT1SpqQS+15/6/WOZnIucyJPXBVO6WK|QY/cPP3rOuiQplBWSG7GPFAIxGHMVrLU2L/</username>
</record>
</wrap>
</xml>