<?xml version="1.0" encoding="UTF-8" ?>
<xml>
<xsd:schema xmlns:xsd="http://www.w3.org/2001/XMLSchema" xmlns:sql="http://www.radiantlogic.com/schemas" >
<xsd:annotation>
<xsd:documentation xml:lang="en">
This schema is generated by RadiantLogic XML tool.
</xsd:documentation>
</xsd:annotation>
<xsd:element name="wrap" type="wrapType" />
<xsd:complexType name="wrapType">
<xsd:sequence>
<xsd:element name="record" type="recordType" minOccurs="0" maxOccurs="unbounded" />
</xsd:sequence>
</xsd:complexType>
<xsd:complexType name="recordType">
<xsd:sequence>
<xsd:element name="binddn" type="xsd:string" />
<xsd:element name="bindpw" type="xsd:string" />
<xsd:element name="DBMSName" sql:field="DBMS Name" type="xsd:string" />
<xsd:element name="ldapurl" type="xsd:string" />
<xsd:element name="active" type="xsd:string" />
<xsd:element name="errorCode" type="xsd:string" />
<xsd:element name="id" type="xsd:string" />
<xsd:element name="label" type="xsd:string" />
<xsd:element name="ssl" type="xsd:string" />
<xsd:element name="data_source" type="xsd:string" />
<xsd:element name="status" type="xsd:string" />
</xsd:sequence>
<xsd:attribute name="recordID" type="xsd:string" />
</xsd:complexType>
</xsd:schema>
<wrap>
<record recordID="1">
<DBMSName>{AES}0i3KeLxQpN9gIFmRL2Dw6l9T|rQEIgCr8T9cuWqGkZCJpQx3XGLpPfL+fMxZwGKUootT1vgD/</DBMSName>
<active>true</active>
<binddn>{AES}ZxZGY6eTZSUvX5wwckyNNdM5FjK1dj2KDZSNuSueHmj/AzdD4TcImNYX7xw3WJh+UzTlfcEJGTaPzLoDLBAlUPunR+0R/w|==</binddn>
<bindpw>{AES}MPgn2odXT0aGd+CJX++2Yx249FjD9q6iJfc/eLUIVK/NSxoabLR6h|s96RWDb4c7nggEqrgz/</bindpw>
<data_source>LDAP</data_source>
<errorCode>0</errorCode>
<id>vdsha</id>
<label>vdsha</label>
<ldapurl>{AES}0o0EYGrcwFU347DTySHivD0l6/u9zYad1UcIq4hfOhlbQJ3y0pCcDeMdUQEus5u3kIVqiAJz|QJQZL1gW92LWjgR3vWBX/w==</ldapurl>
<ssl>false</ssl>
<status>OK</status>
</record>
</wrap>
</xml>