<?xml version="1.0" encoding="UTF-8" ?>
<xml>
<xsd:schema xmlns:xsd="http://www.w3.org/2001/XMLSchema" xmlns:sql="http://www.radiantlogic.com/schemas" >
<xsd:annotation>
<xsd:documentation xml:lang="en">
This schema is generated by RadiantLogic XML tool.
</xsd:documentation>
</xsd:annotation>
<xsd:element name="wrap" type="wrapType" />
<xsd:complexType name="wrapType">
<xsd:sequence>
<xsd:element name="record" type="recordType" minOccurs="0" maxOccurs="unbounded" />
</xsd:sequence>
</xsd:complexType>
<xsd:complexType name="recordType">
<xsd:sequence>
<xsd:element name="DBMSName" sql:field="DBMS Name" type="xsd:string" />
<xsd:element name="active" type="xsd:string" />
<xsd:element name="errorCode" type="xsd:string" />
<xsd:element name="label" type="xsd:string" />
<xsd:element name="alternatedatasource" type="xsd:string" />
<xsd:element name="data_source" type="xsd:string" />
<xsd:element name="url" type="xsd:string" />
<xsd:element name="password" type="xsd:string" />
<xsd:element name="id" type="xsd:string" />
<xsd:element name="driver-class-name" type="xsd:string" />
<xsd:element name="username" type="xsd:string" />
<xsd:element name="backendstatus" type="xsd:string" />
<xsd:element name="status" type="xsd:string" />
</xsd:sequence>
<xsd:attribute name="recordID" type="xsd:string" />
</xsd:complexType>
</xsd:schema>
<wrap>
<record recordID="1">
<DBMSName>{AES}ihO3Df9Vfqx03h9|0HwHBw8MYTNoFz01gxYI1riqC7Ba0yz/8ukyGBu2MmRFx750pjC9ySGH/</DBMSName>
<active>true</active>
<alternatedatasource></alternatedatasource>
<backendstatus>on</backendstatus>
<data_source>JDBC</data_source>
<driver-class-name>{AES}2TuBot7gnUuiotG+/PiAgyvilERHAkMMlKujFx/3MIyh0xYU5TouQR1|FcP2V4GeXLcN3nFJGjEjzrngLNravofVWhAC4TjDL/H+N9+KFp4ResFzCIP8=</driver-class-name>
<errorCode>0</errorCode>
<id>log2db</id>
<label>log2db</label>
<password>{AES}bIXliAIVrKzDtsCfeT2tUO5YpgE2pu2AEG|2f2cYOR1i+L+5+GltwXBhGPpROq1OJZMBb6HH/</password>
<status>OK</status>
<url>{AES}dKyrYqlps9wYw3sCrNo9|ylz2TkVx8X0s06h4N32NJ7V1qBakL4QG/bkIUioPhpkVKSCcnc5p3CXQijQ8PyR6mMfi4aBhwgyPmCOLjY1BbzQLvSHPx5G7Va4VAWSNfWx5haVMQO6yW0g2Wov4UnxG7gatqa8v/w==</url>
<username>{AES}v3UUhsXBx89RM0gWxK8KJR8oV09W8SJVo+|XWfirV2BUKnkLEngL/gCWzZoMpNwK1BgM4PAX/</username>
</record>
</wrap>
</xml>