<?xml version="1.0" encoding="UTF-8" ?>
<xml>
<xsd:schema xmlns:xsd="http://www.w3.org/2001/XMLSchema" xmlns:sql="http://www.radiantlogic.com/schemas" >
<xsd:annotation>
<xsd:documentation xml:lang="en">
This schema is generated by RadiantLogic XML tool.
</xsd:documentation>
</xsd:annotation>
<xsd:element name="wrap" type="wrapType" />
<xsd:complexType name="wrapType">
<xsd:sequence>
<xsd:element name="record" type="recordType" minOccurs="0" maxOccurs="unbounded" />
</xsd:sequence>
</xsd:complexType>
<xsd:complexType name="recordType">
<xsd:sequence>
<xsd:element name="binddn" type="xsd:string" />
<xsd:element name="bindpw" type="xsd:string" />
<xsd:element name="DBMSName" sql:field="DBMS Name" type="xsd:string" />
<xsd:element name="ldapurl" type="xsd:string" />
<xsd:element name="active" type="xsd:string" />
<xsd:element name="errorCode" type="xsd:string" />
<xsd:element name="failoverurl" type="xsd:string" />
<xsd:element name="id" type="xsd:string" />
<xsd:element name="label" type="xsd:string" />
<xsd:element name="ssl" type="xsd:string" />
<xsd:element name="data_source" type="xsd:string" />
<xsd:element name="status" type="xsd:string" />
</xsd:sequence>
<xsd:attribute name="recordID" type="xsd:string" />
</xsd:complexType>
</xsd:schema>
<wrap>
<record recordID="1">
<DBMSName>{AES}FNq+OWs|gWQ9CdLsD0n5/B/0vVcxnGjByvY90QX6YhPlo5Ojlsvts1G0E+spHFz0DTSUpigX/</DBMSName>
<active>true</active>
<binddn>{AES}i3aflH5Jji|vSeDLGKR4ObniuC3/cJnEzxq5YgcV9AAwzCW7OkG65fX1WJHeOUJPjMscToRP4ELkkAmkT+IU+UE68cOIB/w==</binddn>
<bindpw>{AES}pX/V/aSVLY41KrnrPEqsp5ibp4Kh98sAfVTbo8oLFZDXlWOuyDjSOzaq|XtmCajPdQc155wT/</bindpw>
<data_source>LDAP</data_source>
<errorCode>0</errorCode>
<failoverurl>{AES}WtHsT4xOFzDD+1ifl66K5J0dPegdVzIlsBfKXoLvPIqiIhRntBVQtZXiUZnVqNyFhmUS5l4bQeh1U0/mWZOuOL7ypaBTFI9qamSq4ofjRnQ0qfu7mXM2Pel+eGTxK57QgWyS|oOYdIB+a5m4ZV0ecrm6ys7cRNY7MsLIR+aPc4KnY9Dgf/Is4JgftSWeLOGsg6LSlpgz/</failoverurl>
<id>replicationjournal</id>
<label>replicationjournal</label>
<ldapurl>{AES}SfCOIZ6naAoluDjIoxCMSTTfIgaT6aaD9eo|dXnoWMybbZ2bDp0X71vsX4hK7d4+62yfab1Wk6BQilAa9zgGsY9kNji7xuIgFwtIJ9uWVQtJxXkMuJS+3O196HZ+jzFbL4LzwjSP/</ldapurl>
<ssl>false</ssl>
<status>OK</status>
</record>
</wrap>
</xml>