<?xml version="1.0" encoding="UTF-8" ?>
<xml>
<xsd:schema xmlns:xsd="http://www.w3.org/2001/XMLSchema" xmlns:sql="http://www.radiantlogic.com/schemas" >
<xsd:annotation>
<xsd:documentation xml:lang="en">
This schema is generated by RadiantLogic XML tool.
</xsd:documentation>
</xsd:annotation>
<xsd:element name="wrap" type="wrapType" />
<xsd:complexType name="wrapType">
<xsd:sequence>
<xsd:element name="record" type="recordType" minOccurs="0" maxOccurs="unbounded" />
</xsd:sequence>
</xsd:complexType>
<xsd:complexType name="recordType">
<xsd:sequence>
<xsd:element name="binddn" type="xsd:string" />
<xsd:element name="bindpw" type="xsd:string" />
<xsd:element name="DBMSName" sql:field="DBMS Name" type="xsd:string" />
<xsd:element name="ldapurl" type="xsd:string" />
<xsd:element name="active" type="xsd:string" />
<xsd:element name="errorCode" type="xsd:string" />
<xsd:element name="failoverurl" type="xsd:string" />
<xsd:element name="id" type="xsd:string" />
<xsd:element name="label" type="xsd:string" />
<xsd:element name="ssl" type="xsd:string" />
<xsd:element name="data_source" type="xsd:string" />
<xsd:element name="status" type="xsd:string" />
</xsd:sequence>
<xsd:attribute name="recordID" type="xsd:string" />
</xsd:complexType>
</xsd:schema>
<wrap>
<record recordID="1">
<DBMSName>{AES}3IBQGA4j6cE4uL5+ovc9oklqSubo8rbe1PGP6XYUFKpoW+ux89MIY6N|WLNrS/FilmCHXRlr/</DBMSName>
<active>true</active>
<binddn>{AES}lTLe3D4cD2NuGZFN+WaR4ehBg4hbZstfuVguC3s04BpvPuE4kDLXnfa+exzu7aowZqn+RxJMMuuTzjDOcaNxEbsftIJ//w=|=</binddn>
<bindpw>{AES}lolCYA4eKSI5|jkaj7b0iJFfhA3RbIqBNmmO/jexa4Y8VFzUq5V7eKktAVKgFXkeO+3I6sCz/</bindpw>
<data_source>LDAP</data_source>
<errorCode>0</errorCode>
<failoverurl>{AES}u9w704SEoAC4IPibRMsS4jsiDKvQ0rSUxaallp/UdZEPUliiz9xsGiZTwwruV7EAA5DuXggP5nhJnXM9ndDCSVMxhzxvOo|17LLHVxJVMaNlEusdhf2+IYUk0/YKJx8YrZyBAmuWHX/TTzwuNod6kU+MmIKA0RCu8ISmu/h/9wgiyDiUA5I0KjVXG/aSkkRp9h41F8nf/</failoverurl>
<id>vdsha</id>
<label>vdsha</label>
<ldapurl>{AES}ukJJbxZDJwrkVoZgbUSg6iVkApyLs/jtLa4jwPe4TgUyocT7Zid/FWIMiKglFkfWEnYHxbi|yJoj3x6oWBwRK1IEhwSkn5M1qZ4PV5HeDIecrR/aCxskxTl80D8pCO4roNbFFlTL/</ldapurl>
<ssl>false</ssl>
<status>OK</status>
</record>
</wrap>
</xml>