{"active":false,"schemas":["urn:ietf:params:scim:schemas:core:2.0:ResourceType"],"id":"601c0d7b-f120-46cb-bc2c-9f74e3409a9a","name":"Groups_dc_lg10","description":"Resource type auto-generated by migration.","endpoint":"Groups_dc_lg10","schema":"urn:ietf:params:scim:schemas:core:2.0:Group","scimMapping":{"displayName":"cn","members":"uniquemember"},"objectClass":"groupOfUniqueNames","countLimit":100,"baseDn":"dc=lg10","meta":{"lastModified":"2023-12-05T23:11:42.593Z","created":"2023-12-05T23:11:42.593Z","version":"W/\"30d7a2e9\"","resourceType":"ResourceType"}}