{"active":false,"schemas":["urn:ietf:params:scim:schemas:core:2.0:ResourceType"],"id":"dae3253d-a3bd-4501-ad3d-5bf9627441cc","name":"Users_dc_lg10","description":"Resource type auto-generated by migration.","endpoint":"Users_dc_lg10","schema":"urn:ietf:params:scim:schemas:core:2.0:User","scimMapping":{"profileUrl":"labeledURI","x509Certificates":"userCertificate","preferredLanguage":"preferredLanguage","name.formatted":"cn","displayName":"displayName","name.middleName":"initials","phonenumbers[type eq \"mobile\"].value":"mobile","phoneNumbers[type eq \"work\"].value":"telephoneNumber","userName":"uid","title":"title","addresses[type eq \"work\"].region":"st","phoneNumbers[type eq \"home\"].value":"homePhone","phoneNumbers[type eq \"fax\"].value":"facsimileTelephoneNumber","addresses[type eq \"work\"].formatted":"postalAddress","name.familyName":"sn","password":"userPassword","emails[type eq \"work\"].value":"mail","name.givenName":"givenName","addresses[type eq \"work\"].locality":"l","userType":"employeeType","addresses[type eq \"work\"].postalCode":"postalCode","addresses[type eq \"work\"].streetAddress":"street"},"objectClass":"inetOrgPerson","countLimit":100,"baseDn":"dc=lg10","meta":{"lastModified":"2023-12-05T23:11:42.588Z","created":"2023-12-05T23:11:42.588Z","version":"W/\"30d79fc3\"","resourceType":"ResourceType"},"schemaExtensions":[{"schema":"urn:ietf:params:scim:schemas:extension:custom:radiantlogic:dc_lg10:2.0:User","required":false,"extMapping":{"externalId":"externalId","description":"description"}},{"schema":"urn:ietf:params:scim:schemas:extension:enterprise:2.0:User","required":false,"extMapping":{"division":"ou","manager.value":"manager","organization":"o","department":"departmentNumber","employeeNumber":"employeeNumber"}},{"schema":"urn:ietf:params:scim:schemas:extension:custom:2.0:User","required":false,"extMapping":{"roomNumber":"roomNumber","physicalDeliveryOfficeName":"physicalDeliveryOfficeName","teletexTerminalIdentifier":"teletexTerminalIdentifier","photo":"jpegPhoto","homePostalAddress":"homePostalAddress","destinationIndicator":"destinationIndicator","carLicense":"carLicense","seeAlso":"seeAlso","telexNumber":"telexNumber","registeredAddress":"registeredAddress","postOfficeBox":"postOfficeBox","secretary":"secretary","pager":"pager","userSMIMECertificate":"userSMIMECertificate","internationaliSDNNumber":"internationaliSDNNumber","x121Address":"x121Address","x500UniqueIdentifier":"x500UniqueIdentifier","preferredDeliveryMethod":"preferredDeliveryMethod","businessCategory":"businessCategory","userPKCS12":"userPKCS12","audio":"audio"}}]}